depth,specific gravity
0,0.6269439
500,0.627683731
1000,0.628325307
1500,0.631052083
2000,0.637345411
2500,0.638083989
3000,0.642095254
3500,0.643395733
4000,0.645730429
4500,0.646477587
5000,0.64988591
5500,0.65818077
6000,0.66162566
6500,0.6714842
7000,0.675372067
7500,0.68308462
8000,0.688929373
8500,0.691540873
9000,0.697077825
9500,0.70077956
10000,0.710745333
10500,0.714929139